meta_user_id,last_user_id,last_lifecycle_segment,,,Churn,30-60 days inactivity
30345633,30345633,active,,,Dormant,60+ days inactivity
22796127,22796127,active,,,,
23144375,23144375,active,,,,
30290735,30290735,active,,,,
20820070,23847995,at risk,,,,
6727872,21159231,active,,,,
32947586,32947586,active,,,,
23707860,23707860,dormant,,,,
25634471,25634471,at risk,,,,
17991948,17991948,churned,,,,
27334191,27334191,active,,,,
21970312,21970312,active,,,,
33645454,95109646,active,,,,
28684587,28684587,active,,,,
30405573,30405573,active,,,,
26563654,26563654,active,,,,
29171575,29171575,churned,,,,
75280886,75280886,active,,,,
20585655,22097552,active,,,,
19244435,32009843,active,,,,
22529208,22529208,active,,,,
23164659,23164659,at risk,,,,
32587899,32587899,active,,,,
30968571,30968571,active,,,,
33419424,33419424,active,,,,
27770301,27770301,active,,,,
791663,92114396,churned,,,,
20285100,21520344,active,,,,
26687515,26687515,dormant,,,,
30961234,78960653,active,,,,
14764993,17796501,dormant,,,,
28505552,28505552,dormant,,,,
22876821,22876821,at risk,,,,
73242108,73242108,active,,,,
33086433,33086433,dormant,,,,
22620911,22620911,active,,,,
6832914,21062816,active,,,,
31958953,31958953,active,,,,
35158523,35158523,active,,,,
30895010,30895010,active,,,,
31297074,31297074,active,,,,
31321312,31321312,at risk,,,,
30310709,30310709,active,,,,
83439791,83439791,active,,,,
29690948,29690948,dormant,,,,
33644879,33644879,active,,,,
33561997,91348114,active,,,,
17375139,18876964,dormant,,,,
27190489,27190489,active,,,,
33370665,33370665,at risk,,,,
6833608,6833608,active,,,,
19631404,19631404,active,,,,
84905814,84905814,active,,,,
33590175,33590175,active,,,,
28905792,28905792,active,,,,
29324013,29324013,active,,,,
19711319,19711319,active,,,,
26358477,100723503,at risk,,,,
31083712,31083712,active,,,,
5654458,5784613,churned,,,,
32814281,32814281,active,,,,
33104709,33104709,active,,,,
27116169,27116169,dormant,,,,
18732770,28512012,at risk,,,,
33217615,35531791,dormant,,,,
6851100,17349135,active,,,,
30355414,30355414,at risk,,,,
32501615,32501615,dormant,,,,
8368882,8368882,active,,,,
34236215,34236215,active,,,,
77227383,77227383,churned,,,,
35173937,35173937,dormant,,,,
82400400,82400400,active,,,,
63102031,63102031,active,,,,
21202746,21202746,dormant,,,,
23823754,23823754,active,,,,
33466510,33466510,dormant,,,,
28768085,28768085,dormant,,,,
34726804,34726804,active,,,,
31156952,89673790,active,,,,
32681944,32681944,dormant,,,,
26254916,26254916,dormant,,,,
27656299,27656299,at risk,,,,
21657110,21657110,dormant,,,,
76913858,76913858,active,,,,
35409123,35409123,active,,,,
37485622,37485622,active,,,,
25633170,25633170,active,,,,
33407209,33407209,churned,,,,
28609180,35483202,at risk,,,,
29984537,29984537,at risk,,,,
33409263,33409263,active,,,,
35386397,35386397,active,,,,
32387147,32387147,active,,,,
4549227,30544735,at risk,,,,
27369165,29679672,active,,,,
35648940,35648940,at risk,,,,
26678616,26678616,active,,,,
35802732,35802732,active,,,,
23016070,23016070,active,,,,
16602939,16602939,dormant,,,,
17188168,20212267,active,,,,
16006161,16006161,dormant,,,,
30449331,30449331,active,,,,
29270092,29270092,active,,,,
35158190,35158190,active,,,,
30736366,30736366,active,,,,
6247028,95323137,active,,,,
20635857,24362713,active,,,,
32185469,32185469,dormant,,,,
19890858,19890858,dormant,,,,
75692945,75692945,active,,,,
19045079,21429791,active,,,,
35972530,35972530,active,,,,
35265120,35265120,dormant,,,,
33107783,33107783,active,,,,
32605196,34360722,dormant,,,,
31473197,31473197,active,,,,
78164762,78164762,active,,,,
86959872,86959872,active,,,,
35492407,35492407,active,,,,
27471019,27471019,active,,,,
26131196,26131196,active,,,,
4782507,102236382,active,,,,
34156899,34156899,at risk,,,,
32965194,32965194,at risk,,,,
33035436,33035436,active,,,,
28158356,28158356,active,,,,
25708016,27314724,active,,,,
25908172,25908172,active,,,,
33183517,33183517,active,,,,
28564346,82370873,churned,,,,
16784773,16784773,active,,,,
35891080,35891080,active,,,,
27535320,27535320,active,,,,
31030033,31030033,active,,,,
31173733,31173733,active,,,,
29856535,29856535,active,,,,
33357695,33357695,active,,,,
7129723,20360088,active,,,,
6972367,24281073,active,,,,
23234045,23234045,active,,,,
30015551,30015551,active,,,,
81289921,81289921,active,,,,
34892896,34892896,active,,,,
22336062,22336062,active,,,,
32724246,32724246,active,,,,
34957731,88902189,active,,,,
34285177,34285177,dormant,,,,
27161032,27161032,active,,,,
33191538,33191538,active,,,,
29249148,29249148,active,,,,
32222688,32222688,active,,,,
32680669,32680669,at risk,,,,
26132732,26132732,dormant,,,,
21640170,21640170,active,,,,
3481603,3481603,active,,,,
23332747,23332747,at risk,,,,
66910439,66910439,active,,,,
53806188,53806188,active,,,,
27991043,27991043,active,,,,
28367766,28411363,dormant,,,,
23265883,27007570,active,,,,
33825381,33825381,active,,,,
33241765,33241765,active,,,,
11752136,26740556,dormant,,,,
29506153,29506153,active,,,,
31726312,31726312,dormant,,,,
35544990,86471552,at risk,,,,
25745082,25745598,active,,,,
28220186,28220186,active,,,,
28269204,29064537,active,,,,
17359582,24078089,dormant,,,,
16269298,16468490,dormant,,,,
27645412,32037844,active,,,,
1654050,1654050,active,,,,
76731362,76731362,active,,,,
35071763,35071763,active,,,,
37687456,77458125,active,,,,
28666198,28666198,active,,,,
34837642,34837642,active,,,,
31278541,31278541,active,,,,
18419586,29686796,active,,,,
21153932,21153932,active,,,,
46732059,46732059,active,,,,
31689086,31689086,active,,,,
24622955,24622955,at risk,,,,
27409297,27409297,active,,,,
22172809,22172809,active,,,,
87812303,87812303,active,,,,
21508797,21508797,active,,,,
6828228,6828228,active,,,,
87757627,87757627,active,,,,
77787907,77787907,active,,,,
74041700,74041700,active,,,,
21272675,21272675,active,,,,
33228742,33228742,active,,,,
31633570,31633570,churned,,,,
35888655,35888655,active,,,,
32571520,85603470,active,,,,
35775402,35775402,active,,,,
7436417,36911667,active,,,,
27588314,27588314,active,,,,
79405002,79405002,at risk,,,,
37676023,37676023,active,,,,
31046787,31046787,active,,,,
26886429,26886429,dormant,,,,
21671170,21671170,dormant,,,,
31817492,31817492,active,,,,
16462685,32711702,active,,,,
25546675,25546675,active,,,,
32356219,32356219,active,,,,
32965675,32965675,active,,,,
23320551,35453284,dormant,,,,
34120456,34120456,active,,,,
27808244,28190411,active,,,,
32926295,32926295,active,,,,
5282707,16158411,active,,,,
7132425,7132425,churned,,,,
31541247,31541247,active,,,,
31822711,31822711,active,,,,
86273396,86273396,active,,,,
76829567,76829567,active,,,,
36625190,36625190,active,,,,
31904382,31904382,active,,,,
28137531,28137531,active,,,,
18480315,18480315,active,,,,
26680825,26680825,active,,,,
25264357,25264357,active,,,,
29569968,29569968,active,,,,
24085019,24085019,dormant,,,,
22838936,22838936,active,,,,
26832334,26832334,active,,,,
31549969,31549969,active,,,,
75927902,75927902,active,,,,
20688589,20688589,active,,,,
25085886,25085886,dormant,,,,
20976712,20976712,dormant,,,,
26248773,75706126,churned,,,,
27602023,27602023,active,,,,
17145114,17145114,active,,,,
30612137,30612137,active,,,,
28578873,28578873,active,,,,
81005492,81005492,active,,,,
26617744,26617744,dormant,,,,
24586986,24586986,active,,,,
31368818,31368818,dormant,,,,
27535443,27535443,active,,,,
23861966,23861966,dormant,,,,
16890336,17738656,active,,,,
6995802,88871839,churned,,,,
26521187,26521187,active,,,,
26209653,26209653,dormant,,,,
33010445,33010445,dormant,,,,
20495577,20495577,dormant,,,,
967504,967504,active,,,,
26518311,26518311,active,,,,
75500803,75500803,at risk,,,,
33356084,33356084,active,,,,
34788367,34788367,dormant,,,,
31251865,31251865,active,,,,
23767971,23767971,churned,,,,
36478540,36478540,active,,,,
75173428,75173428,active,,,,
23447162,23447162,active,,,,
8363362,10437235,dormant,,,,
32884751,32884751,active,,,,
23683105,23683105,churned,,,,
91652170,91652170,at risk,,,,
91578922,91578922,at risk,,,,
28558754,28558754,active,,,,
35265627,35265627,active,,,,
15241483,15241483,active,,,,
56655994,56655994,active,,,,
30225902,30225902,active,,,,
30003907,30003907,dormant,,,,
85354016,85354016,active,,,,
22048425,22048425,at risk,,,,
23008073,23008073,active,,,,
76756330,76756330,active,,,,
87828935,87828935,active,,,,
34291755,34291755,active,,,,
22872170,25102591,active,,,,
26922133,26922133,active,,,,
27745907,27745907,active,,,,
18234451,30291302,active,,,,
17974267,31306726,at risk,,,,
22104230,22104230,dormant,,,,
34914134,34914134,active,,,,
28740219,33109863,active,,,,
30942055,30942055,dormant,,,,
27614543,27614543,at risk,,,,
16062023,16062023,active,,,,
79769121,79769121,active,,,,
1910853,1910853,churned,,,,
26500648,26500648,dormant,,,,
23087279,23087279,at risk,,,,
33388555,33388555,dormant,,,,
20352057,38678289,dormant,,,,
,,,,,,
32785087,32785087,active,,,,
34355016,34355016,active,,,,
28458280,28458280,active,,,,
23973338,99794453,active,,,,
17294765,17294765,active,,,,
37534240,37534240,active,,,,
26693491,26693491,active,,,,
74558248,74558248,active,,,,
9898797,23499030,active,,,,
32820784,32820784,dormant,,,,
10988883,28693615,active,,,,
31730594,31730594,active,,,,
39616611,39616611,at risk,,,,
30416589,30416589,active,,,,
16554931,33768408,active,,,,
26494232,26494232,dormant,,,,
27147215,27147215,active,,,,
3916190,3916190,dormant,,,,
79307000,79307000,churned,,,,
26161635,26161635,active,,,,
34046657,34046657,active,,,,
25766972,25766972,active,,,,
17887218,76237380,active,,,,
22423487,22423487,dormant,,,,
32615591,32615591,active,,,,
22713682,22713682,dormant,,,,
37045740,37045740,active,,,,
44696553,100310709,at risk,,,,
19452253,19452253,active,,,,
32538533,32538533,at risk,,,,
33767921,33767921,dormant,,,,
20379244,20379244,active,,,,
27020694,27020694,dormant,,,,
66890106,66890106,active,,,,
30676662,30676662,churned,,,,
18053951,42640597,at risk,,,,
25524795,25524795,at risk,,,,
33828133,33828133,active,,,,
21789177,21789177,active,,,,
32348875,32348875,dormant,,,,
34299190,34299190,active,,,,
22285276,22285276,dormant,,,,
32097630,32097630,active,,,,
5446666,18035527,active,,,,
26862138,26862138,at risk,,,,
24238048,24238048,at risk,,,,
5031158,15330729,active,,,,
30452944,31031840,at risk,,,,
33492579,85013335,churned,,,,
33948469,33948469,dormant,,,,
32362277,32362277,at risk,,,,
27484900,27484900,active,,,,
78072685,78072685,active,,,,
76430173,76430173,active,,,,
78551658,78551658,active,,,,
32499219,32499219,at risk,,,,
25715094,25715094,active,,,,
44678242,44678242,at risk,,,,
35206468,35206468,active,,,,
30562683,30562683,dormant,,,,
79695935,79695935,active,,,,
33274597,33274597,active,,,,
81942302,81942302,active,,,,
7667528,7667528,active,,,,
34421713,34421713,at risk,,,,
85840971,85840971,active,,,,
76325735,76325735,active,,,,
30231944,30231944,active,,,,
28208242,28208242,active,,,,
23780777,23780777,active,,,,
30828060,30828060,churned,,,,
33108314,33108314,active,,,,
18402481,92032978,active,,,,
34441872,34441872,active,,,,
88383315,88383315,dormant,,,,
24977764,24977764,active,,,,
37096946,37096946,active,,,,
32105294,32105294,dormant,,,,
30049097,30049097,active,,,,
22645734,22645734,dormant,,,,
53160536,53160536,active,,,,
44001044,44001044,dormant,,,,
27217741,27217741,dormant,,,,
74683798,74683798,active,,,,
31315418,77202126,active,,,,
81610576,81610576,active,,,,
33857617,33857617,dormant,,,,
27308837,27308837,active,,,,
22359317,22359317,dormant,,,,
34610160,34610160,active,,,,
24791161,24791161,active,,,,
27300633,27300633,dormant,,,,
16646418,16646418,dormant,,,,
16243540,26979592,dormant,,,,
81333751,81333751,active,,,,
30209039,30209039,dormant,,,,
96620555,96620555,active,,,,
28757463,28757463,active,,,,
4733355,34039908,active,,,,
21492773,21492773,at risk,,,,
17796501,,active,,,,
30407420,30407420,active,,,,
76061220,76061220,active,,,,
24401505,24401505,active,,,,
29625526,29625526,dormant,,,,
28057926,28057926,active,,,,
32932384,32932384,active,,,,
31944665,31944665,active,,,,
36829990,36829990,active,,,,
32778194,32778194,active,,,,
34911708,34911708,active,,,,
34781517,34781517,active,,,,
20132973,20132973,at risk,,,,
30107120,30107120,dormant,,,,
35017303,35017303,active,,,,
30314651,30314651,active,,,,
23956795,23956795,active,,,,
26917146,26917146,active,,,,
25653047,32195058,active,,,,
4425439,4425439,active,,,,
33001055,33001055,dormant,,,,
8210088,8210088,active,,,,
19159535,19159555,active,,,,
21474497,21474497,active,,,,
10212620,28232673,dormant,,,,
28829424,28829424,active,,,,
35731518,35731518,active,,,,
15731626,21516104,dormant,,,,
31592399,31592399,at risk,,,,
9639482,16458058,churned,,,,
28595578,28633260,active,,,,
33582111,33582111,active,,,,
35653888,35653888,active,,,,
35265282,35265282,active,,,,
27181284,30346936,dormant,,,,
58748858,58748858,active,,,,
16489219,35828367,active,,,,
26208057,26208057,active,,,,
92383637,92383637,active,,,,
75679171,75679171,active,,,,
24277675,24277675,dormant,,,,
30233326,30233326,active,,,,
25868583,25868583,dormant,,,,
28207114,78071337,dormant,,,,
26885965,26885965,dormant,,,,
94976428,94976428,active,,,,
34204871,34204871,dormant,,,,
35690780,35690780,active,,,,
40634322,40634322,active,,,,
34773708,34773708,active,,,,
78535710,78535710,active,,,,
49902025,49902025,active,,,,
3276339,3276339,active,,,,
34953058,34953058,active,,,,
32809656,32809656,dormant,,,,
21936145,21936145,dormant,,,,
32337487,32337487,active,,,,
33909851,33909851,active,,,,
5270120,22856025,active,,,,
21213640,21213640,active,,,,
32053443,32053443,active,,,,
30484545,30484545,at risk,,,,
9209935,9209935,active,,,,
35541752,35541752,at risk,,,,
16880221,22503788,active,,,,
35465510,35465510,active,,,,
26607602,35132999,dormant,,,,
34550059,34550059,active,,,,
27000001,27000001,active,,,,
27108602,27108602,active,,,,
78752682,78752682,active,,,,
63159719,63159719,active,,,,
45367582,45367582,active,,,,
33532544,33532544,dormant,,,,
25211864,25211864,active,,,,
26083492,26083492,active,,,,
33923391,34601197,active,,,,
96938023,96938023,active,,,,
84605877,84605877,active,,,,
80231742,80231742,active,,,,
27782823,27782823,at risk,,,,
27138399,32621031,active,,,,
35633883,35633883,active,,,,
18390439,24400767,at risk,,,,
32533455,32533455,dormant,,,,
33538948,33538948,active,,,,
31477112,31477112,active,,,,
4419092,4419092,active,,,,
87140782,87140782,churned,,,,
73212135,73212135,active,,,,
11535555,11535555,active,,,,
77606933,94936416,active,,,,
28655151,28655151,active,,,,
35446525,35446525,active,,,,
52515614,52515614,dormant,,,,
34183216,34183216,active,,,,
10716952,10716952,dormant,,,,
33372980,33372980,active,,,,
93324115,93324115,active,,,,
24110736,29713085,active,,,,
30211588,30211588,active,,,,
89069910,89069910,active,,,,
26478552,26478552,active,,,,
79185325,79185325,active,,,,
77185371,77185371,active,,,,
36105310,90052324,active,,,,
30975984,82043074,dormant,,,,
35783120,35783120,active,,,,
35567860,35567860,churned,,,,
25322562,25322562,active,,,,
8173329,17488172,active,,,,
78584020,78584020,dormant,,,,
29783640,29783640,at risk,,,,
81282267,81282267,active,,,,
37837359,37837359,dormant,,,,
31006272,31006272,active,,,,
22862728,22862728,active,,,,
2726,2726,active,,,,
34865760,34865760,dormant,,,,
6836333,35674042,active,,,,
32620860,32620860,active,,,,
26375349,26375349,active,,,,
24014424,24014424,at risk,,,,
35760473,91739791,active,,,,
25687797,25687797,at risk,,,,
32629385,32629385,churned,,,,
83070927,83070927,active,,,,
76016583,76016583,active,,,,
88788031,88788031,active,,,,
66246422,66246422,active,,,,
5802084,6707055,dormant,,,,
24830785,24830785,churned,,,,
5444890,34724307,active,,,,
28200226,28200226,active,,,,
16260537,16260537,active,,,,
30378246,30378246,dormant,,,,
91182454,91182454,active,,,,
24319582,24319582,dormant,,,,
,,,,,,
25211910,25211910,dormant,,,,
76366801,76366801,active,,,,
23077286,23077286,active,,,,
35762171,35762171,active,,,,
31864035,31864035,dormant,,,,
83065619,83065619,active,,,,
73582093,73582093,active,,,,
22810992,22810992,churned,,,,
27830038,27830038,churned,,,,
23017661,23017661,at risk,,,,
84866462,84866462,active,,,,
32656355,32656355,active,,,,
76330765,76330765,active,,,,
23550460,92157776,dormant,,,,
81917237,81917237,active,,,,
28010201,28010201,dormant,,,,
28372601,32369651,dormant,,,,
25570036,25570036,dormant,,,,
27078499,27078499,active,,,,
77412486,102292023,active,,,,
30241632,30241632,active,,,,
29948238,29948238,active,,,,
18153689,18153689,dormant,,,,
88438303,88438303,active,,,,
34908730,34908730,active,,,,
34424278,34424278,dormant,,,,
18037138,18037138,dormant,,,,
26268331,26268331,active,,,,
27528257,27528257,active,,,,
7724809,32452446,active,,,,
42381538,42381538,active,,,,
35137973,35137973,active,,,,
5476940,5476940,active,,,,
31478801,31478801,active,,,,
26844617,26844617,dormant,,,,
31122495,31122495,active,,,,
90731995,90731995,churned,,,,
34142388,34142388,at risk,,,,
26020587,26020587,dormant,,,,
23207236,63108634,active,,,,
35568340,35568340,active,,,,
35581546,35581546,active,,,,
34018411,34018411,active,,,,
75705983,75705983,active,,,,
32830478,32830478,at risk,,,,
20958771,20958771,active,,,,
26528492,26528492,dormant,,,,
21893467,79478751,dormant,,,,
23769651,23769651,active,,,,
23151968,36310851,active,,,,
32357122,32357122,active,,,,
19870132,19870132,at risk,,,,
21762691,21762691,active,,,,
28280625,28280625,active,,,,
49229053,49229053,active,,,,
55468522,91924583,active,,,,
33306259,33306259,active,,,,
33198410,79177315,dormant,,,,
35430940,35430940,active,,,,
47402320,47402320,active,,,,
22970947,22970947,active,,,,
35409293,35409293,active,,,,
8638727,8638727,active,,,,
35234227,35234227,at risk,,,,
35770123,35770123,active,,,,
28905104,28905104,active,,,,
30088487,30088487,active,,,,
85932884,85932884,churned,,,,
28632031,28632213,dormant,,,,
22236640,27447163,dormant,,,,
77744440,77744440,active,,,,
32624192,33109932,active,,,,
78529556,78529556,active,,,,
25687460,25687460,dormant,,,,
31043848,31043848,active,,,,
15161906,15161906,active,,,,
85276840,85276840,active,,,,
34074798,34074798,dormant,,,,
26938433,26938433,at risk,,,,
29118167,29118167,dormant,,,,
24154722,24489688,dormant,,,,
75087097,75087097,churned,,,,
35974607,35974607,active,,,,
82290437,89577696,at risk,,,,
22618086,22618086,dormant,,,,
5255760,25381687,dormant,,,,
32298466,32298466,active,,,,
30495774,30495774,dormant,,,,
29379314,29379314,dormant,,,,
34426265,34426265,dormant,,,,
4587430,34202260,active,,,,
79082611,79082611,active,,,,
93362337,93362337,active,,,,
63160855,63160855,active,,,,
30878942,30878942,dormant,,,,
78871235,91797589,churned,,,,
24294753,25461519,dormant,,,,
4813629,33904345,at risk,,,,
8298754,35034587,active,,,,
81428082,81428082,at risk,,,,
85119092,85119092,active,,,,
35536013,35536013,dormant,,,,
27943585,31575723,active,,,,
90227705,90227705,active,,,,
30547582,30547582,at risk,,,,
33775860,33775860,active,,,,
26968180,26968180,active,,,,
26935661,30068802,active,,,,
29576028,29576028,active,,,,
31614448,31614448,at risk,,,,
9298227,9298227,active,,,,
24189534,30612883,at risk,,,,
27268301,27268301,active,,,,
35140921,35140921,active,,,,
35551625,35551625,active,,,,
58605124,58605124,active,,,,
1803867,1803867,dormant,,,,
22551468,22551468,active,,,,
33965002,33965002,dormant,,,,
33874316,33874316,active,,,,
34640162,34640162,active,,,,
17643678,82908963,active,,,,
27825456,27825456,active,,,,
92720846,92720846,active,,,,
23075341,23075341,active,,,,
28020130,28020130,dormant,,,,
25073536,25073536,dormant,,,,
28468946,28468946,active,,,,
90010891,90010891,active,,,,
77120361,77120361,active,,,,
33855505,33855505,active,,,,
27393678,27393678,active,,,,
61606794,61606794,active,,,,
25145029,27355384,dormant,,,,
45486191,45486191,active,,,,
34331533,34331533,at risk,,,,
30725315,33425183,active,,,,
83447968,83447968,active,,,,
75333469,75333469,at risk,,,,
26468992,26468992,active,,,,
80579585,80579585,active,,,,
89466137,89466137,active,,,,
27680332,27680332,active,,,,
30779684,30779684,churned,,,,
32298209,32298209,dormant,,,,
83640249,83640249,active,,,,
25297650,25297650,dormant,,,,
79173795,79173795,active,,,,
35818290,35818290,churned,,,,
27232590,27232590,active,,,,
76270477,76270477,active,,,,
34944591,34944591,active,,,,
26848647,26848647,dormant,,,,
31614960,31614960,dormant,,,,
79244705,79244705,active,,,,
25958256,25958256,active,,,,
28675253,28675253,dormant,,,,
30849530,30849530,active,,,,
34446122,34446122,churned,,,,
76143289,76143289,active,,,,
77708088,77708088,churned,,,,
74584742,74584742,at risk,,,,
25893401,26634776,active,,,,
74191591,74191591,active,,,,
22877431,22877431,active,,,,
92906657,92906657,active,,,,
81616647,81616647,active,,,,
6879107,6879107,at risk,,,,
29367548,29367548,active,,,,
57782913,57782913,churned,,,,
84136722,84136722,active,,,,
75559012,75559012,active,,,,
30317440,89337687,active,,,,
76596570,76596570,dormant,,,,
24403971,24403971,at risk,,,,
3875345,3875345,active,,,,
75133260,101780377,active,,,,
30816373,30816373,at risk,,,,
22097089,22097089,active,,,,
33491579,33491579,at risk,,,,
36756704,76809513,active,,,,
36591486,36591486,active,,,,
23829957,23829957,dormant,,,,
32080420,32080420,active,,,,
23284963,23284963,dormant,,,,
88777622,88777622,active,,,,
75306348,75306348,active,,,,
28211001,28211001,churned,,,,
25334007,25334007,dormant,,,,
30960445,30960445,dormant,,,,
5543718,7623665,at risk,,,,
32843614,80169900,dormant,,,,
32520449,32520449,dormant,,,,
29885833,29885833,active,,,,
23366240,23366240,dormant,,,,
31836808,34183277,at risk,,,,
25027856,27511095,dormant,,,,
24142204,24142204,active,,,,
35481448,35481448,active,,,,
9157644,15276052,active,,,,
20749645,20749645,active,,,,
27358845,27358845,dormant,,,,
37134298,37134298,active,,,,
78551032,78551032,active,,,,
31937561,31937561,active,,,,
78874320,78874320,active,,,,
34675748,34675748,churned,,,,
30258380,30258380,active,,,,
85487872,85487872,active,,,,
84436553,84436553,dormant,,,,
33546181,33546181,active,,,,
27741765,27741765,at risk,,,,
37200502,37200502,at risk,,,,
32058189,32058189,at risk,,,,
31977106,31977106,dormant,,,,
803922,803922,dormant,,,,
31453705,31453705,dormant,,,,
38698749,38698749,dormant,,,,
31585912,31585912,active,,,,
26052278,26052278,dormant,,,,
,,,,,,
35344581,35344581,active,,,,
30054267,30054267,dormant,,,,
26473810,26473810,at risk,,,,
16351942,16895685,active,,,,
85121172,85121172,active,,,,
36931935,36931935,dormant,,,,
33519694,33519694,churned,,,,
82663682,82663682,active,,,,
24830987,24830987,at risk,,,,
24593627,24593627,dormant,,,,
25924729,25924729,at risk,,,,
23044544,23044544,active,,,,
83882230,83882230,active,,,,
25507166,25507166,at risk,,,,
84021730,84021730,at risk,,,,
26800882,26800882,active,,,,
22809401,22809401,active,,,,
28329862,28329862,at risk,,,,
,,,,,,
33934921,33934921,at risk,,,,
24387742,24387742,at risk,,,,
18834648,18834648,dormant,,,,
32568950,32568950,active,,,,
45995766,45995766,at risk,,,,
15950927,19160871,active,,,,
24758818,34840429,active,,,,
28449579,94302023,active,,,,
30848109,30848109,active,,,,
24265638,24265638,active,,,,
27282787,27282787,active,,,,
35319349,35319349,dormant,,,,
74597004,74597004,active,,,,
34756973,34756973,at risk,,,,
32920220,52303198,active,,,,
77456305,77456305,active,,,,
30085021,34907149,active,,,,
57770513,57770513,active,,,,
33528816,33528816,active,,,,
34505965,76576067,dormant,,,,
40038138,40038138,active,,,,
34487441,34487441,active,,,,
37195304,37195304,at risk,,,,
28736398,28736398,dormant,,,,
35136013,35136013,active,,,,
77478771,77478771,at risk,,,,
7672758,7672758,active,,,,
25976624,25976624,active,,,,
34996781,34996781,dormant,,,,
34885800,34885800,active,,,,
21164525,21164525,dormant,,,,
29330225,29330225,active,,,,
75007574,75007574,dormant,,,,
30801792,30801792,dormant,,,,
28535231,28535231,active,,,,
32253104,32253104,active,,,,
31783177,31783177,active,,,,
18774338,18774338,dormant,,,,
20224103,20224103,churned,,,,
24810591,24810591,dormant,,,,
35916761,35916761,active,,,,
2997797,33356875,active,,,,
31796638,31796638,at risk,,,,
2831241,2831241,active,,,,
82997683,82997683,active,,,,
7263929,20104173,at risk,,,,
29161700,29161700,dormant,,,,
34975806,34975806,active,,,,
1621717,1621717,churned,,,,
79447174,79447174,active,,,,
24038905,79859463,at risk,,,,
47470557,47470557,churned,,,,
5421319,20828357,active,,,,
78163937,78163937,active,,,,
35035985,35035985,active,,,,
34862614,35296565,dormant,,,,
33517841,33517841,at risk,,,,
33756469,33756469,active,,,,
78681622,78681622,active,,,,
85843673,85843673,active,,,,
29985977,29985977,active,,,,
6494106,17895332,active,,,,
34601648,34601648,at risk,,,,
46945467,46945467,dormant,,,,
30195781,30195781,active,,,,
16823989,90125187,active,,,,
34304188,34304188,dormant,,,,
51437344,51437344,at risk,,,,
27093940,27093940,dormant,,,,
31199768,31199768,active,,,,
80953123,80953123,active,,,,
23584498,30615324,dormant,,,,
33161896,33161896,active,,,,
25311742,25311742,dormant,,,,
29582829,29582829,active,,,,
17245372,30307044,dormant,,,,
34958452,34958452,at risk,,,,
33009715,33009715,active,,,,
89013524,89013524,active,,,,
90548313,90548313,active,,,,
25072868,25072868,active,,,,
34776247,34776247,dormant,,,,
22593396,83862703,dormant,,,,
81112573,81112573,active,,,,
28786109,28786109,active,,,,
22000971,22000971,at risk,,,,
75280146,102790199,at risk,,,,
28813096,28813096,active,,,,
31359522,31359522,active,,,,
33348200,78639730,active,,,,
78152980,78152980,active,,,,
18566846,18566846,active,,,,
35851987,94357538,at risk,,,,
77589688,77589688,active,,,,
35526836,35526836,dormant,,,,
6276961,30398766,active,,,,
15821275,15821275,dormant,,,,
31700902,31700902,active,,,,
26175353,26175353,active,,,,
27528126,27528126,dormant,,,,
35075619,35075619,active,,,,
86216789,86216789,active,,,,
77854066,77854066,active,,,,
19127981,19127981,active,,,,
78389314,78389314,active,,,,
8041153,23820715,dormant,,,,
9649983,9649983,churned,,,,
26038068,26038068,active,,,,
95027103,95027103,active,,,,
30210731,30210731,active,,,,
80535590,91635435,churned,,,,
80726176,80726176,active,,,,
29976251,29976251,active,,,,
33947516,33947516,active,,,,
45029659,45029659,active,,,,
27352583,27352583,dormant,,,,
76547197,76547197,at risk,,,,
38036590,38036590,active,,,,
93304372,93304372,active,,,,
4518453,28631651,at risk,,,,
32325185,32325185,active,,,,
76946552,76946552,active,,,,
32521736,32521736,active,,,,
31901409,31901409,active,,,,
35377162,35377162,active,,,,
33385100,33385100,active,,,,
26869324,26869324,active,,,,
34351777,34351777,active,,,,
35317546,35317546,at risk,,,,
63612732,63612732,churned,,,,
27717232,27717232,active,,,,
33660998,33660998,dormant,,,,
26225486,26225486,active,,,,
28516816,28516816,active,,,,
19318794,19318794,dormant,,,,
19763527,75884975,active,,,,
31982531,31982531,active,,,,
32567526,32567526,active,,,,
31929348,31929348,dormant,,,,
27786291,27786291,active,,,,
26192524,26192524,at risk,,,,
28746992,28746992,active,,,,
31787631,31787631,at risk,,,,
35810358,35810358,active,,,,
81882523,81882523,active,,,,
79040071,79040071,active,,,,
37336902,37336902,active,,,,
77949272,77949272,active,,,,
75708087,75708087,active,,,,
83502216,83502216,active,,,,
26306926,26306926,at risk,,,,
23507217,23507217,dormant,,,,
29972851,29972851,active,,,,
31432560,31432560,active,,,,
76862031,76862031,dormant,,,,
27392728,31360330,dormant,,,,
26944366,26944366,at risk,,,,
32852648,34403193,dormant,,,,
37137292,37137292,active,,,,
34817279,34817279,active,,,,
21286898,21286898,active,,,,
30567531,30567531,dormant,,,,
17028404,17028404,churned,,,,
36127255,36127255,active,,,,
35622762,35622762,at risk,,,,
82833830,82833830,active,,,,
10659395,17789185,active,,,,
77519463,77519463,dormant,,,,
90049446,90049446,active,,,,
27075999,27075999,dormant,,,,
41183180,41183180,active,,,,
33013513,33013513,active,,,,
25005015,25005015,dormant,,,,
68973570,101065580,active,,,,
32847016,32847016,dormant,,,,
30286471,30286471,at risk,,,,
27959291,27959291,active,,,,
25751452,25751452,dormant,,,,
77053112,77053112,at risk,,,,
22561121,22561121,active,,,,
83812806,83812806,active,,,,
96147819,96147819,active,,,,
79037943,79037943,active,,,,
30287447,30287447,at risk,,,,
35292523,83856098,churned,,,,
5585306,33657297,active,,,,
19651050,19651050,active,,,,
21676644,21676644,churned,,,,
28592656,28592732,dormant,,,,
35495915,35495915,at risk,,,,
33963360,33963360,dormant,,,,
28837414,28837414,active,,,,
27912006,27912006,dormant,,,,
9260019,9260019,active,,,,
82476259,82476259,at risk,,,,
63460503,63460503,at risk,,,,
90004644,90004644,active,,,,
32431997,32431997,active,,,,
37690935,37690935,at risk,,,,
87548552,87548552,active,,,,
30679462,30679462,active,,,,
35508902,35508902,active,,,,
20595234,20595234,dormant,,,,
30455750,30455750,dormant,,,,
,,,,,,
93779024,93779024,active,,,,
29814168,29814168,active,,,,
34906713,34906713,active,,,,
31391247,31391247,active,,,,
5596024,5596024,at risk,,,,
84105353,84105353,active,,,,
33006841,33006841,active,,,,
31705455,31705455,active,,,,
23462875,23462875,active,,,,
5501613,29904903,at risk,,,,
30454392,30454392,dormant,,,,
43720533,43720533,dormant,,,,
27631114,27631114,active,,,,
26796478,26796478,active,,,,
27980671,83524592,active,,,,
86337401,86337401,active,,,,
27365408,27365408,dormant,,,,
18235029,24374827,active,,,,
36102956,36102956,active,,,,
76432916,76432916,at risk,,,,
87756642,87756642,active,,,,
34507527,34507527,dormant,,,,
88399652,88399652,at risk,,,,
28146723,28146723,at risk,,,,
29078525,29078525,active,,,,
75231911,75231911,active,,,,
23130188,37377091,dormant,,,,
18137987,18137987,active,,,,
28167334,35262546,active,,,,
27104363,27104363,dormant,,,,
87451225,87451225,active,,,,
36626006,36626006,at risk,,,,
36957235,36957235,dormant,,,,
30928412,30928412,at risk,,,,
30263815,30263815,at risk,,,,
34161039,34161039,churned,,,,
31821046,90984990,active,,,,
33808874,33808874,active,,,,
33936420,76654770,active,,,,
76034093,76034093,at risk,,,,
27050374,27050374,at risk,,,,
75675114,75675114,dormant,,,,
23110807,23110807,active,,,,
37303336,37303336,active,,,,
34484562,34484562,at risk,,,,
17757441,35583754,dormant,,,,
32024270,32024270,active,,,,
34068425,34068425,dormant,,,,
531441,531441,active,,,,
33690618,33690618,dormant,,,,
22688611,103539412,active,,,,
26544070,26692740,dormant,,,,
,,,,,,
28911790,28911790,active,,,,
15411752,15411752,dormant,,,,
21672011,21672011,at risk,,,,
34955518,34955518,active,,,,
77408117,77408117,active,,,,
78105872,78105872,at risk,,,,
34904573,34904573,at risk,,,,
29849998,29849998,dormant,,,,
22890609,22890609,active,,,,
26057951,26057951,dormant,,,,
31586017,33256107,active,,,,
8296291,8296291,active,,,,
27071277,30593258,active,,,,
91559548,91559548,active,,,,
20625476,79928585,dormant,,,,
75122550,75122550,at risk,,,,
4669957,103145378,active,,,,
23199604,23199604,active,,,,
8588866,22246331,active,,,,
24758273,24758273,active,,,,
28405077,28405077,active,,,,
28758255,28758255,active,,,,
78558579,78558579,active,,,,
34846856,34846856,dormant,,,,
31867129,31867129,at risk,,,,
31709720,31709720,active,,,,
35415601,35415601,at risk,,,,
25708385,28819082,dormant,,,,
35526382,35526382,at risk,,,,
35988672,35988672,active,,,,
26563860,26563860,at risk,,,,
75079285,75079285,active,,,,
32131383,32131383,at risk,,,,
31137351,31137351,at risk,,,,
37691199,92917830,churned,,,,
23745920,23745920,active,,,,
29628562,29663282,active,,,,
4638849,4638849,active,,,,
26892779,26892779,active,,,,
24411988,25061172,dormant,,,,
28343297,28343297,churned,,,,
19178510,19178510,dormant,,,,
15768336,31126679,active,,,,
35759142,35759142,active,,,,
34333474,34333474,active,,,,
27168517,27168517,active,,,,
84073008,84073008,at risk,,,,
10528458,10528458,active,,,,
3914274,3914274,active,,,,
33980581,91137911,active,,,,
35574345,35574345,at risk,,,,
33559886,33559886,dormant,,,,
75359015,75359015,active,,,,
31729300,31729300,churned,,,,
32226042,32226042,active,,,,
7095556,7095556,active,,,,
32194745,32194745,dormant,,,,
74627315,74627315,at risk,,,,
90911345,90911345,active,,,,
22626994,22626994,dormant,,,,
11580177,23337850,dormant,,,,
83809132,83809132,at risk,,,,
35427428,35427428,dormant,,,,
84335477,84335477,active,,,,
27227717,27227717,at risk,,,,
34760071,34760071,at risk,,,,
24883836,24883836,active,,,,
21619075,21619075,active,,,,
17941075,17941075,active,,,,
28808631,30278562,dormant,,,,
30299205,30299205,dormant,,,,
27547795,27547795,churned,,,,
84445563,84445563,active,,,,
22928950,30310278,dormant,,,,
21050734,21050734,at risk,,,,
35483364,35483364,at risk,,,,
30566077,30566077,active,,,,
23910993,23910993,dormant,,,,
35758341,35758341,active,,,,
33810056,33810056,dormant,,,,
31002540,31002540,at risk,,,,
16692223,22839645,active,,,,
27338026,27338026,dormant,,,,
28849542,77823798,active,,,,
38726612,38726612,active,,,,
76117626,76117626,churned,,,,
29631157,29631157,churned,,,,
23758163,23758163,active,,,,
92990158,92990158,active,,,,
3023483,3023483,at risk,,,,
18037604,18037604,active,,,,
33548270,33548270,dormant,,,,
6372413,26102607,active,,,,
31307100,31307100,at risk,,,,
70766766,70766766,active,,,,
36940558,36940558,active,,,,
30816300,30816300,at risk,,,,
25354618,25354618,active,,,,
80048843,80048843,active,,,,
34120318,34120318,churned,,,,
32072506,32072506,active,,,,
37664557,37664557,active,,,,
34093987,34093987,dormant,,,,
33842459,33842459,dormant,,,,
30925641,30925641,at risk,,,,
19803527,20876232,dormant,,,,
21075186,21075186,dormant,,,,
85113105,85113105,active,,,,
29037728,32115831,dormant,,,,
,,,,,,
34841992,34841992,active,,,,
36407182,36407182,active,,,,
34075539,34075539,active,,,,
5732645,5732645,active,,,,
5009051,20173928,active,,,,
34106832,34106832,active,,,,
88227807,88227807,active,,,,
28048239,28048239,at risk,,,,
29278361,29278361,active,,,,
37260945,37260945,active,,,,
30701922,30701922,dormant,,,,
33541996,33541996,at risk,,,,
26223214,26223214,active,,,,
84707547,84707547,active,,,,
33700813,33811935,dormant,,,,
36830678,36830678,active,,,,
63608297,63608297,active,,,,
14428335,79593221,active,,,,
28961301,28961301,active,,,,
87082047,87082047,active,,,,
35297331,87780264,active,,,,
30821230,30821230,dormant,,,,
27118339,27118339,dormant,,,,
33962233,33962233,active,,,,
27120501,27120501,dormant,,,,
66917527,66917527,active,,,,
31223999,31223999,dormant,,,,
32511176,32511176,at risk,,,,
36603019,36603019,active,,,,
91180648,91679251,dormant,,,,
32743338,32743338,at risk,,,,
23986987,32246194,dormant,,,,
91039820,91039820,active,,,,
42059585,42059585,at risk,,,,
20117033,20117033,active,,,,
8951230,28558798,active,,,,
22164482,22164482,active,,,,
30152308,30152308,active,,,,
31907538,32655133,dormant,,,,
8489120,20953107,active,,,,
22898300,22898300,churned,,,,
31178609,31178609,active,,,,
23035809,23035809,dormant,,,,
31231660,31231660,active,,,,
35232511,35232511,churned,,,,
84767334,90671850,active,,,,
26817671,86356661,dormant,,,,
33746421,33746421,churned,,,,
,,,,,,
85423760,85423760,churned,,,,
84861567,84861567,dormant,,,,
27425862,27425862,active,,,,
37993703,37993703,active,,,,
26411925,26411925,active,,,,
28529878,90582389,dormant,,,,
34971653,34971653,dormant,,,,
23022724,96741589,active,,,,
29622001,29622001,active,,,,
35021484,35021484,dormant,,,,
27986770,27986770,active,,,,
77566968,77566968,active,,,,
34631937,37294576,active,,,,
78959035,78959035,active,,,,
35758534,35758534,at risk,,,,
34630354,34630354,active,,,,
31581765,31581765,dormant,,,,
74934483,74934483,active,,,,
79063284,79063284,active,,,,
83928925,83928925,active,,,,
81723455,81723455,active,,,,
35131940,35131940,churned,,,,
9341343,20097363,at risk,,,,
26127694,26127694,dormant,,,,
25922532,25922532,active,,,,
32839575,35176898,dormant,,,,
36357071,36357071,at risk,,,,
35222023,35222023,at risk,,,,
30771470,30771470,dormant,,,,
37992346,91466069,at risk,,,,
35857194,35857194,active,,,,
20704006,31691088,dormant,,,,
21222991,21222991,churned,,,,
35749397,35749397,active,,,,
28617893,28617893,active,,,,
83833109,83833109,active,,,,
79925871,79925871,active,,,,
30164999,30164999,at risk,,,,
36770444,36770444,dormant,,,,
31718547,31718547,at risk,,,,
34445458,34445458,active,,,,
33233276,33233276,at risk,,,,
35391186,35391186,active,,,,
33988058,33988058,dormant,,,,
14848947,31895538,active,,,,
49873921,49873921,active,,,,
25328558,30201808,active,,,,
20364887,20364887,dormant,,,,
34196338,34196338,churned,,,,
27336822,27336822,at risk,,,,
6717237,6717237,at risk,,,,
23392076,23392076,active,,,,
5649584,20336144,active,,,,
24317733,26546772,dormant,,,,
34398410,34398410,churned,,,,
35207793,35207793,active,,,,
8679053,8679053,active,,,,
86788670,86788670,active,,,,
25953503,25953503,active,,,,
33374228,33374228,dormant,,,,
32470853,32470853,dormant,,,,
33148834,33148834,active,,,,
21427655,21427655,active,,,,
9921423,21563444,active,,,,
35904467,35904467,active,,,,
35370875,35370875,dormant,,,,
15843671,15843671,active,,,,
78090179,78090179,active,,,,
28125806,28125806,dormant,,,,
29612427,29612427,churned,,,,
35666183,35666183,active,,,,
35030811,35030811,active,,,,
34844064,34844064,active,,,,
31094912,76467398,dormant,,,,
34523199,34523199,active,,,,
84215066,84215066,active,,,,
24880999,24880999,dormant,,,,
83412347,83412347,active,,,,
77826249,77826249,active,,,,
78029048,78029048,active,,,,
25981618,25981618,active,,,,
34097022,34097022,dormant,,,,
34181348,34181348,dormant,,,,
34151176,34151176,at risk,,,,
25881485,31413685,at risk,,,,
77663533,77663533,active,,,,
27972696,27972696,dormant,,,,
31411474,31411474,at risk,,,,
75573638,75573638,at risk,,,,
4935227,5230096,active,,,,
30786034,30786034,dormant,,,,
77975651,77975651,at risk,,,,
21784810,21784810,at risk,,,,
22016590,22016590,dormant,,,,
33643736,33643736,dormant,,,,
88249559,88249559,active,,,,
23639181,23639181,dormant,,,,
1163861,5940738,active,,,,
61507018,61507018,active,,,,
8728675,8728675,at risk,,,,
28281596,28281596,dormant,,,,
11159349,16222454,at risk,,,,
32084852,32084852,active,,,,
18516779,95122658,churned,,,,
34484567,34484567,dormant,,,,
27229709,27229709,churned,,,,
35716584,35716584,active,,,,
4669413,4669413,dormant,,,,
35674660,35674660,active,,,,
18660858,18660858,dormant,,,,
82350495,82350495,active,,,,
76371016,76371016,dormant,,,,
65312384,65312384,active,,,,
32918428,33876269,at risk,,,,
25991992,25991992,dormant,,,,
32307370,32307370,dormant,,,,
41376634,41376634,active,,,,
96134137,96134137,active,,,,
4857245,18757151,active,,,,
87859868,87859868,active,,,,
30941383,30941383,active,,,,
33255097,33255097,dormant,,,,
63054927,91360403,active,,,,
78476745,78476745,active,,,,
92787394,92787394,churned,,,,
77022862,77022862,active,,,,
24860429,24860429,dormant,,,,
28490301,28490301,active,,,,
64078583,64078583,at risk,,,,
25379270,25379270,active,,,,
75301275,75301275,churned,,,,
28116952,28116952,dormant,,,,
35969896,35969896,active,,,,
53094198,53094198,active,,,,
45071183,45071183,active,,,,
36642625,36642625,at risk,,,,
34265749,96042738,active,,,,
36547693,36547693,active,,,,
9947967,9947967,dormant,,,,
32597247,32597247,dormant,,,,
22515061,22515061,active,,,,
38250611,38250611,active,,,,
26748891,26748891,dormant,,,,
78857385,78857385,active,,,,
,,,,,,
34962269,34962269,dormant,,,,
34283229,77537757,dormant,,,,
74568646,74568646,active,,,,
,,,,,,
92664080,92664080,at risk,,,,
76916190,76916190,active,,,,
76019948,76019948,active,,,,
23523757,28288666,dormant,,,,
82038148,82038148,dormant,,,,
33045574,33045574,dormant,,,,
26636126,26636126,dormant,,,,
15774574,16257052,dormant,,,,
23087521,30658855,at risk,,,,
37395642,37395642,active,,,,
3871474,3871474,churned,,,,
33511642,33511642,at risk,,,,
33307348,33307348,active,,,,
79660797,79660797,active,,,,
33843364,33843364,dormant,,,,
33194805,33194805,dormant,,,,
21376373,103001795,active,,,,
32863909,32863909,churned,,,,
77090409,77090409,active,,,,
25498972,25498972,active,,,,
34723966,34723966,active,,,,
76933859,76933859,dormant,,,,
92663237,92663237,active,,,,
32403913,32403913,churned,,,,
1239528,1239528,dormant,,,,
79661668,79661668,active,,,,
23313923,32029941,dormant,,,,
71100338,71100338,at risk,,,,
21837811,21837811,dormant,,,,
33538291,33538291,active,,,,
33598611,33598611,active,,,,
77845377,77845377,active,,,,
52494922,52494922,active,,,,
6566373,6566373,dormant,,,,
25460572,25460572,dormant,,,,
23555346,23555346,at risk,,,,
25348067,25348067,at risk,,,,
91272116,91272116,active,,,,
32119260,32119260,dormant,,,,
4452417,79440982,at risk,,,,
89101934,89101934,active,,,,
25730424,25730424,active,,,,
82579049,82579049,active,,,,
18698490,31207181,dormant,,,,
25148186,25148186,dormant,,,,
27957718,27957718,active,,,,
36124126,36124126,active,,,,
92419345,92419345,active,,,,
22396862,22396862,active,,,,
80940886,80940886,dormant,,,,
36599386,36599386,dormant,,,,
29218546,29218546,active,,,,
60056323,60056323,active,,,,
30208552,30208552,active,,,,
34056920,34056920,churned,,,,
22491741,22491741,active,,,,
69869265,69869265,dormant,,,,
89253577,89253577,active,,,,
84848494,84848494,active,,,,
35392281,35392281,at risk,,,,
2335420,2335420,active,,,,
30273305,30273305,dormant,,,,
,,,,,,
20446178,20446178,churned,,,,
28663331,30281444,active,,,,
89286403,89286403,active,,,,
10287042,21329277,at risk,,,,
44812249,44812249,active,,,,
36607127,36607127,dormant,,,,
22391791,22391791,active,,,,
34456208,34456208,dormant,,,,
76254648,76254648,active,,,,
34049662,34049662,at risk,,,,
28470555,28470555,at risk,,,,
77198355,77198355,at risk,,,,
92272219,92272219,active,,,,
27314460,27314460,active,,,,
81141065,81141065,active,,,,
31300859,31300859,churned,,,,
18924827,18924827,at risk,,,,
32716859,32716859,dormant,,,,
35704539,35704539,churned,,,,
77656521,77656521,active,,,,
27879122,80828319,active,,,,
17886032,17886032,active,,,,
82821307,82821307,active,,,,
29818052,29818052,dormant,,,,
66830462,66830462,active,,,,
27676177,82998769,active,,,,
35024394,35024394,dormant,,,,
33893082,34932929,dormant,,,,
27531071,27531071,active,,,,
89517146,89517146,active,,,,
31852185,31852185,churned,,,,
91394921,91394921,active,,,,
77783785,80760354,active,,,,
44393183,44393183,active,,,,
80160335,80160335,active,,,,
90267168,90267168,active,,,,
21104690,21471117,dormant,,,,
83552930,83552930,active,,,,
89564288,89564288,at risk,,,,
27634393,75693184,dormant,,,,
84817280,84817280,active,,,,
24983661,24983661,active,,,,
34304341,34304341,active,,,,
23347438,23347438,dormant,,,,
34525150,34525150,dormant,,,,
33079801,33079801,dormant,,,,
,,,,,,
20542794,20542794,active,,,,
30312236,75294347,active,,,,
32885724,32885724,dormant,,,,
77692660,77692660,active,,,,
34995603,34995603,at risk,,,,
76587163,76587163,dormant,,,,
25792152,25792152,dormant,,,,
333930,333930,dormant,,,,
43096208,43096208,active,,,,
90783675,90783675,active,,,,
24412227,24412227,dormant,,,,
30319566,30319566,churned,,,,
36693655,36693655,at risk,,,,
27140831,27140831,churned,,,,
78150914,78150914,dormant,,,,
34140109,34140109,dormant,,,,
,,,,,,
34098228,34098228,active,,,,
76369023,76369023,active,,,,
84553158,84553158,active,,,,
23917037,23917037,active,,,,
34899803,34899803,active,,,,
24512710,30886907,dormant,,,,
23979237,23979237,dormant,,,,
96028296,96028296,active,,,,
83865916,83865916,active,,,,
33036668,33036668,active,,,,
25468085,25468085,dormant,,,,
28350412,28350412,dormant,,,,
75066433,75066433,active,,,,
37346847,89560351,dormant,,,,
28581131,28581131,dormant,,,,
20171218,35945725,active,,,,
87733923,87733923,active,,,,
34097250,34097250,active,,,,
81416138,81416138,dormant,,,,
33797790,84447771,dormant,,,,
7874611,31503580,active,,,,
33118683,33118683,active,,,,
54775304,54775304,active,,,,
20093024,20093024,dormant,,,,
7788959,7788959,active,,,,
31466582,31466582,dormant,,,,
26491204,26491204,active,,,,
76866894,76866894,active,,,,
58016033,58016033,active,,,,
31828819,31924359,churned,,,,
28843207,31520874,at risk,,,,
31847888,31847888,churned,,,,
46623336,46623336,active,,,,
44352448,44352448,active,,,,
88712698,88712698,active,,,,
34974573,34974573,dormant,,,,
78807027,78807027,active,,,,
94268543,94268543,active,,,,
78731964,97604963,active,,,,
23593514,23593514,dormant,,,,
89499273,89499273,active,,,,
35570828,35570828,active,,,,
35274223,35274223,active,,,,
20792028,20792028,dormant,,,,
82328846,82328846,dormant,,,,
27894841,27894841,dormant,,,,
83105509,83105509,active,,,,
44835610,44835610,dormant,,,,
88280256,88280256,active,,,,
6862103,33231773,active,,,,
77878263,77878263,active,,,,
28557152,28557152,churned,,,,
79445814,79445814,dormant,,,,
78171717,78171717,active,,,,
91760870,91760870,active,,,,
33379210,33379210,active,,,,
83764085,83764085,active,,,,
77757382,77757382,dormant,,,,
22732548,22732548,dormant,,,,
23621730,23621730,active,,,,
18719795,18719795,dormant,,,,
7640558,80462391,active,,,,
76651311,76651311,active,,,,
38660978,38660978,dormant,,,,
33712282,33712282,churned,,,,
35483830,35483830,at risk,,,,
30609720,30609720,dormant,,,,
24068464,24068464,active,,,,
37569775,37569775,at risk,,,,
85732934,85732934,dormant,,,,
4850,4850,dormant,,,,
89440151,89532052,active,,,,
35286493,35286493,active,,,,
47826093,47826093,active,,,,
65154337,65154337,dormant,,,,
24378240,24378240,dormant,,,,
32604378,32604378,dormant,,,,
65542729,75998067,dormant,,,,
96349756,96349756,active,,,,
77153088,77153088,active,,,,
34078852,91810594,active,,,,
28585329,28585329,dormant,,,,
34995928,34995928,churned,,,,
27294088,27294088,at risk,,,,
91882745,91882745,active,,,,
26666515,26666515,at risk,,,,
24163264,24163264,dormant,,,,
92142700,92142700,active,,,,
2371686,17982858,dormant,,,,
29866519,29866519,dormant,,,,
80013760,82872583,churned,,,,
22881190,26524588,dormant,,,,
33248801,33248801,dormant,,,,
34736472,34736472,dormant,,,,
80194953,80194953,active,,,,
32145311,32145311,dormant,,,,
24039344,24039344,dormant,,,,
35978416,35978416,active,,,,
8960658,24884710,active,,,,
77348974,77348974,active,,,,
80610512,80610512,at risk,,,,
23900452,23900452,dormant,,,,
27218994,27218994,dormant,,,,
35850084,35850084,dormant,,,,
26464087,26464087,active,,,,
9069925,16733528,dormant,,,,
30067749,30067749,dormant,,,,
77523161,77523161,dormant,,,,
84606449,102165602,at risk,,,,
43422611,43422611,active,,,,
88591370,88591370,at risk,,,,
100158880,100158880,active,,,,
93211224,93211224,active,,,,
23659760,23659760,active,,,,
31302517,31302517,dormant,,,,
77616102,77616102,dormant,,,,
84088422,84088422,active,,,,
75861654,75861654,active,,,,
35214444,35214444,dormant,,,,
75948828,75948828,dormant,,,,
79614796,79614796,active,,,,
34094266,34094266,churned,,,,
83990698,83990698,active,,,,
34600673,34600673,active,,,,
55833177,55833177,active,,,,
31181856,31181856,dormant,,,,
34835338,92030700,active,,,,
33932602,33932602,dormant,,,,
83765579,83765579,dormant,,,,
89304179,89304179,active,,,,
74885420,90984907,dormant,,,,
96162202,100521207,active,,,,
93225759,93225759,active,,,,
91180510,91180510,active,,,,
88767794,88767794,churned,,,,
80118819,80118819,active,,,,
86491597,86491597,active,,,,
75811270,75811270,active,,,,
81482949,81482949,active,,,,
37575994,37575994,active,,,,
46250819,46250819,active,,,,
81717684,81717684,active,,,,
76920030,76920030,churned,,,,
91125906,91125906,active,,,,
92712460,92712460,active,,,,
34637780,34637780,active,,,,
63032208,63032208,dormant,,,,
80038914,80038914,dormant,,,,
95867635,95867635,active,,,,
76460075,76460075,dormant,,,,
66547293,66547293,active,,,,
35705503,35705503,active,,,,
59350662,59350662,active,,,,
89088185,89088185,at risk,,,,
35615900,35615900,active,,,,
26825196,30972440,active,,,,
26990009,82834562,dormant,,,,
82391556,82391556,churned,,,,
78901528,78901528,dormant,,,,
27850043,27850043,dormant,,,,
86057730,94753808,active,,,,
77628067,77628067,dormant,,,,
316495,316495,dormant,,,,
34552865,34552865,dormant,,,,
78533932,102761541,at risk,,,,
75800806,75800806,dormant,,,,
64169231,64169231,active,,,,
91280312,91280312,active,,,,
95909938,95909938,active,,,,
13082064,14285680,active,,,,
75272463,75272463,active,,,,
36415812,36415812,active,,,,
37663184,37663184,active,,,,
77861975,77861975,active,,,,
78749619,78749619,active,,,,
100071031,100925874,active,,,,
22763214,22763214,active,,,,
82934225,82934225,dormant,,,,
41787769,41787769,active,,,,
33599988,33599988,at risk,,,,
36821405,79405178,dormant,,,,
60347927,60347927,active,,,,
46933729,46933729,at risk,,,,
95268569,95268569,active,,,,
92285316,92285316,active,,,,
27052073,27052073,dormant,,,,
35192675,35192675,dormant,,,,
10073023,10073023,active,,,,
85842141,85842141,at risk,,,,
34821324,34821324,active,,,,
75143450,75143450,at risk,,,,
80349031,80349031,churned,,,,
77782034,77782034,active,,,,
98865546,98865546,at risk,,,,
35497445,79029397,active,,,,
86773963,86773963,active,,,,
92495594,92495594,active,,,,
18887410,18887410,active,,,,
35741463,35741463,at risk,,,,
88719336,91444545,churned,,,,
30741099,30741099,active,,,,
29117194,29117194,active,,,,
52500602,52500602,at risk,,,,
78141605,78141605,at risk,,,,
94513971,94513971,active,,,,
82428595,82428595,active,,,,
97553589,97553589,active,,,,
76002215,76002215,dormant,,,,
77943528,77943528,at risk,,,,
4676104,77967657,at risk,,,,
34503706,34503706,active,,,,
65434478,65434478,dormant,,,,
87887084,87887084,active,,,,
87309433,87309433,active,,,,
77745820,77745820,dormant,,,,
93483818,93483818,active,,,,
77800606,77800606,dormant,,,,
57806963,57806963,dormant,,,,
35401799,35401799,active,,,,
84085067,84085067,active,,,,
78185733,78185733,at risk,,,,
16577581,37473548,active,,,,
96932063,96932063,active,,,,
37194647,37194647,dormant,,,,
34995708,34995708,dormant,,,,
36534536,36534536,active,,,,
92445827,92445827,active,,,,
32994894,32994894,dormant,,,,
36907666,36907666,active,,,,
80872981,80872981,active,,,,
92863330,92863330,active,,,,
84689539,84689539,active,,,,
77318696,77318696,active,,,,
80695527,80695527,active,,,,
99634443,99634443,at risk,,,,
77170575,77170575,dormant,,,,
21616739,21616739,at risk,,,,
87782571,87782571,active,,,,
35771785,35771785,at risk,,,,
55256491,55256491,active,,,,
77949726,77949726,dormant,,,,
75127877,75127877,dormant,,,,
94465081,94465081,at risk,,,,
30762425,30762425,active,,,,
27630240,27630240,active,,,,
91217544,91217544,churned,,,,
76627631,76627631,active,,,,
34793928,34793928,churned,,,,
94297027,94297027,active,,,,
78761890,78761890,active,,,,
66240138,66240138,active,,,,
77628003,77628003,dormant,,,,
35612903,35612903,active,,,,
28485439,28485439,active,,,,
57533140,57533140,active,,,,
76493483,76493483,active,,,,
85015610,85015610,active,,,,
79791253,79791253,active,,,,
35135191,85186721,dormant,,,,
21850860,21850860,active,,,,
83979063,83979063,active,,,,
85926837,85926837,active,,,,
77803843,77803843,dormant,,,,
32706390,32706390,active,,,,
91138630,91138630,active,,,,
91676594,101245558,at risk,,,,
85147992,85147992,active,,,,
92093454,92093454,active,,,,
90900816,90900816,active,,,,
88673350,88673350,active,,,,
15411400,15411400,churned,,,,
89481134,89481134,active,,,,
37448295,37448295,active,,,,
55213157,55213157,churned,,,,
78265371,78265371,active,,,,
33943335,33943335,dormant,,,,
77508452,77508452,at risk,,,,
92178321,92178321,active,,,,
84570019,84570019,active,,,,
63171613,63171613,at risk,,,,
22152623,74935287,dormant,,,,
79942848,79942848,dormant,,,,
17639961,33828642,active,,,,
74944280,74944280,at risk,,,,
92856163,92856163,active,,,,
75732614,75732614,active,,,,
3635392,3635392,dormant,,,,
83966189,83966189,active,,,,
76355801,76355801,dormant,,,,
78546058,78546058,active,,,,
90267825,90267825,active,,,,
89667539,89667539,at risk,,,,
81507885,81507885,at risk,,,,
75826872,75826872,active,,,,
37493866,37493866,active,,,,
16092817,31226350,active,,,,
33978429,33978429,dormant,,,,
,,,,,,
83864476,83864476,dormant,,,,
90818649,90818649,active,,,,
24754711,79060964,dormant,,,,
66405422,66405422,at risk,,,,
88216170,88216170,at risk,,,,
75675501,75675501,dormant,,,,
88911558,88911558,active,,,,
20035318,20035318,active,,,,
15971307,103507613,active,,,,
94238357,94238357,active,,,,
73850952,73850952,dormant,,,,
88736295,88736295,active,,,,
87125094,87125094,active,,,,
100806539,100806539,active,,,,
75205630,75205630,dormant,,,,
31560709,31560709,active,,,,
90151420,90151420,active,,,,
93705554,93705554,active,,,,
83403994,99474742,at risk,,,,
91703750,91703750,active,,,,
77497201,77497201,at risk,,,,
92347913,92347913,active,,,,
84477888,84477888,churned,,,,
63112533,63112533,dormant,,,,
90074733,90074733,at risk,,,,
50882797,50882797,active,,,,
78011903,84404132,active,,,,
78968839,78968839,active,,,,
76567993,98755216,active,,,,
76408642,76408642,active,,,,
84528315,84528315,dormant,,,,
88256094,88256094,active,,,,
88230125,88230125,active,,,,
79750853,79750853,active,,,,
82182870,82182870,active,,,,
29485205,29485205,active,,,,
33644015,33644015,active,,,,
31028948,77063212,dormant,,,,
45698607,45698607,active,,,,
61791082,61791082,active,,,,
61954030,61954030,active,,,,
93505549,93505549,active,,,,
46708835,46708835,active,,,,
31566449,31566449,active,,,,
79894017,79894017,active,,,,
91378876,91378876,at risk,,,,
93313811,93313811,active,,,,
91910036,91910036,active,,,,
74522915,74522915,at risk,,,,
2593926,2593926,active,,,,
88042283,88042283,active,,,,
92786309,92786309,at risk,,,,
86339806,86339806,active,,,,
28879816,28879816,active,,,,
89188046,90798229,active,,,,
35893740,35893740,active,,,,
92003872,92003872,active,,,,
98188693,98188693,active,,,,
5929202,75912232,active,,,,
80779448,80779448,active,,,,
85844031,85844031,at risk,,,,
94404356,94404356,active,,,,
27945329,27945329,active,,,,
50335787,50335787,at risk,,,,
87344075,87344075,active,,,,
35149596,95163883,churned,,,,
97981442,97981442,active,,,,
89481335,89481335,at risk,,,,
35692813,35692813,active,,,,
93400865,93400865,active,,,,
35358668,35358668,active,,,,
37565747,37565747,active,,,,
81670330,81670330,dormant,,,,
91485241,91485241,active,,,,
25962190,25962190,dormant,,,,
95293664,95293664,active,,,,
79347117,79347117,active,,,,
84618779,84618779,active,,,,
90980502,90980502,active,,,,
84184821,84184821,active,,,,
63145286,63145286,active,,,,
84754687,84754687,active,,,,
38901170,38901170,active,,,,
79771336,79771336,dormant,,,,
27289296,27289296,active,,,,
100418814,100418814,at risk,,,,
75948813,75948813,active,,,,
62557812,62557812,at risk,,,,
79012409,79012409,at risk,,,,
88470975,88470975,active,,,,
34939108,34939108,dormant,,,,
78492253,78492253,churned,,,,
77472965,77472965,at risk,,,,
35694905,88699709,active,,,,
83944392,83944392,active,,,,
73559,73559,churned,,,,
37838984,37838984,dormant,,,,
52520688,52520688,active,,,,
79924990,79924990,active,,,,
79616573,79616573,active,,,,
82413532,82413532,dormant,,,,
85725211,85725211,active,,,,
82373016,82373016,churned,,,,
79679271,79679271,active,,,,
33691458,33691458,active,,,,
53903851,53903851,active,,,,
79952355,79952355,churned,,,,
85040625,85040625,active,,,,
50647495,50647495,active,,,,
95237814,95237814,active,,,,
89307338,89307338,active,,,,
7627485,88386396,active,,,,
27872301,27872301,active,,,,
76072132,76688941,at risk,,,,
74249147,74249147,active,,,,
35613516,35613516,dormant,,,,
46232416,46232416,active,,,,
32517990,32517990,at risk,,,,
70833410,70833410,dormant,,,,
95419756,95419756,active,,,,
15041270,19880422,at risk,,,,
90437703,90437703,active,,,,
35093846,79771336,at risk,,,,
77925000,77925000,active,,,,
79151229,79151229,active,,,,
52151249,101107519,active,,,,
6386780,94947192,churned,,,,
90025998,90025998,churned,,,,
93824271,93824271,active,,,,
37119555,37119555,active,,,,
35484512,35484512,active,,,,
33461189,33461189,churned,,,,
89237770,89237770,active,,,,
89996429,92382243,active,,,,
94471368,94471368,active,,,,
100391283,100391283,active,,,,
91121294,91121294,active,,,,
78527238,78527238,dormant,,,,
80568842,80568842,dormant,,,,
29626456,29626456,active,,,,
96261735,96261735,active,,,,
15034188,15034188,churned,,,,
93147536,93147536,active,,,,
36074906,36074906,active,,,,
63112086,63112086,dormant,,,,
76616007,76616007,churned,,,,
78237902,78237902,dormant,,,,
96422410,96422410,active,,,,
95398331,95398331,active,,,,
83773250,83773250,active,,,,
35782441,35782441,dormant,,,,
89787739,89787739,churned,,,,
80237893,80237893,active,,,,
86154175,86154175,active,,,,
37032412,37032412,active,,,,
32690742,32690742,active,,,,
79533120,79533120,dormant,,,,
79788497,79788497,churned,,,,
60457640,60457640,dormant,,,,
32962938,77963915,active,,,,
96191425,96191425,active,,,,
79550947,79550947,active,,,,
37576249,37576249,active,,,,
81303110,81303110,active,,,,
72408702,72408702,dormant,,,,
63164109,80212271,dormant,,,,
79581481,79581481,at risk,,,,
78482169,78482169,dormant,,,,
77668265,77668265,at risk,,,,
83208570,83208570,active,,,,
78687806,78687806,dormant,,,,
78119844,78119844,at risk,,,,
83744619,83744619,at risk,,,,
91906502,91906502,active,,,,
8382358,8382358,dormant,,,,
93730809,93730809,active,,,,
93344339,93344339,active,,,,
75610012,75610012,dormant,,,,
77550948,77550948,active,,,,
82258046,82258046,at risk,,,,
75480970,77098887,dormant,,,,
89574399,89574399,churned,,,,
90741918,90741918,active,,,,
66568902,66568902,dormant,,,,
76874233,76874233,dormant,,,,
65485124,91561136,active,,,,
84516525,93794202,active,,,,
48450291,48450291,active,,,,
42634061,42634061,active,,,,
94175150,94175150,at risk,,,,
45567731,45567731,active,,,,
28057609,28057609,active,,,,
20187131,20187131,dormant,,,,
85859626,87662054,dormant,,,,
36766450,36766450,at risk,,,,
83900725,83900725,active,,,,
97420825,97420825,churned,,,,
96151991,96151991,active,,,,
80110202,80110202,active,,,,
22598457,22598457,dormant,,,,
85282129,85282129,at risk,,,,
91702997,91702997,active,,,,
78939183,78939183,dormant,,,,
35189664,35189664,at risk,,,,
85024659,89171114,dormant,,,,
4810220,19188252,active,,,,
88614237,88614237,at risk,,,,
35616570,35616570,at risk,,,,
78763102,78763102,active,,,,
85561277,85561277,at risk,,,,
74395330,74395330,active,,,,
15640037,15640037,dormant,,,,
92667915,92667915,active,,,,
91802068,91802068,active,,,,
92913786,92913786,active,,,,
88450709,88450709,active,,,,
75637480,75637480,at risk,,,,
10650726,92367486,dormant,,,,
25941261,25941261,active,,,,
84702203,84702203,active,,,,
83741028,83741028,active,,,,
90779674,90779674,active,,,,
94116571,94116571,active,,,,
94514331,94514331,churned,,,,
82136262,82136262,active,,,,
83294157,83294157,churned,,,,
7898204,22546274,dormant,,,,
33424722,33424722,active,,,,
94148247,94148247,active,,,,
93894301,93894301,active,,,,
89236108,89236108,active,,,,
88699884,88699884,active,,,,
96489905,96489905,active,,,,
78233203,78233203,dormant,,,,
80538493,80538493,at risk,,,,
34181484,84233435,dormant,,,,
5475898,29081714,active,,,,
90930541,90930541,at risk,,,,
94255022,94255022,active,,,,
90079684,90079684,dormant,,,,
92370980,92370980,active,,,,
93682792,93682792,active,,,,
81893767,81893767,active,,,,
80307530,80307530,churned,,,,
44347539,44347539,dormant,,,,
29062966,29062966,dormant,,,,
85476560,85476560,active,,,,
79219484,79219484,at risk,,,,
84307729,84307729,active,,,,
90505396,90505396,active,,,,
99321973,99321973,active,,,,
14338427,14338427,at risk,,,,
92437134,92437134,active,,,,
33751807,91238596,at risk,,,,
84734744,84734744,active,,,,
93557552,93557552,churned,,,,
79030245,90024901,active,,,,
78790738,78790738,at risk,,,,
82633398,82633398,active,,,,
88013613,88013613,churned,,,,
87722042,87722042,active,,,,
90234591,90234591,at risk,,,,
33641614,33641614,at risk,,,,
97329008,97329008,active,,,,
90659103,90659103,dormant,,,,
83978305,83978305,at risk,,,,
5089938,81849930,dormant,,,,
75680580,75680580,at risk,,,,
45980310,45980310,active,,,,
92915967,92915967,active,,,,
99348581,99348581,active,,,,
82531406,82531406,active,,,,
78246836,78246836,active,,,,
91396657,91396657,active,,,,
94997357,94997357,active,,,,
76423241,95039060,churned,,,,
95030210,95030210,active,,,,
75146016,75146016,active,,,,
60710474,60710474,active,,,,
97138759,97138759,active,,,,
52397216,52397216,active,,,,
84771774,84771774,active,,,,
32312281,32312281,dormant,,,,
86142909,86142909,active,,,,
84691629,84691629,active,,,,
93106925,93106925,active,,,,
32814191,32814191,at risk,,,,
75754526,75754526,dormant,,,,
79993980,79993980,active,,,,
76043674,76043674,dormant,,,,
85206116,85206116,at risk,,,,
32712547,32712547,active,,,,
82726642,82726642,active,,,,
79913966,79913966,dormant,,,,
83642710,83642710,active,,,,
63544286,63544286,active,,,,
92667381,92667381,dormant,,,,
93548029,93548029,active,,,,
88865489,88865489,churned,,,,
83948910,83948910,dormant,,,,
93241034,93241034,active,,,,
87802809,87802809,active,,,,
48216130,48216130,dormant,,,,
36060329,36060329,active,,,,
37882511,37882511,at risk,,,,
76483924,76483924,active,,,,
79113944,79113944,dormant,,,,
89902149,89902149,active,,,,
77138150,77138150,active,,,,
86942711,86942711,active,,,,
93894102,93894102,active,,,,
85276020,85276020,dormant,,,,
30455402,30455402,active,,,,
23404068,23404068,dormant,,,,
77491103,77491103,active,,,,
89779344,89779344,dormant,,,,
86214356,86214356,active,,,,
89653680,89653680,active,,,,
86445448,86445448,active,,,,
18488143,18488143,active,,,,
4754768,91272629,active,,,,
21239685,21239685,active,,,,
87183569,87183569,active,,,,
80963289,80963289,active,,,,
87110108,87110108,dormant,,,,
79119795,79119795,at risk,,,,
26903080,26903080,active,,,,
23345083,23345083,active,,,,
87398086,87398086,dormant,,,,
90438407,90438407,active,,,,
75765354,75765354,dormant,,,,
34405701,34405701,dormant,,,,
81276687,81276687,dormant,,,,
22865525,22865525,at risk,,,,
60856582,60856582,active,,,,
91630357,91630357,active,,,,
92464239,92464239,active,,,,
94284958,94284958,active,,,,
7512077,22179482,active,,,,
88192097,88192097,active,,,,
93802067,93802067,active,,,,
31503899,31503899,active,,,,
34590100,34590100,dormant,,,,
74259938,74259938,active,,,,
78411993,78411993,active,,,,
92725752,92725752,active,,,,
95338643,95338643,active,,,,
83865249,83865249,dormant,,,,
42214158,42214158,active,,,,
81150738,81150738,active,,,,
93284346,93284346,at risk,,,,
33926703,33926703,churned,,,,
18884716,20460482,churned,,,,
83898958,83898958,dormant,,,,
44351575,44351575,active,,,,
90801505,91378957,dormant,,,,
80600058,80600058,active,,,,
78799710,78799710,dormant,,,,
78438419,78438419,dormant,,,,
77066277,77066277,active,,,,
80350005,80350005,dormant,,,,
91731175,91731175,dormant,,,,
56069332,56069332,active,,,,
94406634,94406634,active,,,,
81842501,81842501,dormant,,,,
35998782,35998782,active,,,,
78952468,78952468,churned,,,,
76536795,76536795,active,,,,
79059144,79059144,dormant,,,,
85729093,85729093,active,,,,
90936543,90936543,active,,,,
85263697,85263697,at risk,,,,
27340805,27340805,dormant,,,,
82082648,82082648,active,,,,
95240942,95240942,churned,,,,
93456061,93456061,active,,,,
42244927,42244927,churned,,,,
76669097,96246221,churned,,,,
31072962,31072962,active,,,,
39378748,39378748,active,,,,
24921358,79390060,active,,,,
93556432,93556432,active,,,,
74312061,74312061,active,,,,
88900707,88900707,active,,,,
93685517,93685517,dormant,,,,
90640705,90640705,dormant,,,,
77016852,77016852,at risk,,,,
31983946,31983946,active,,,,
92786970,92786970,active,,,,
55520950,55520950,active,,,,
82975284,82975284,active,,,,
94451107,94451107,active,,,,
86781654,86781654,at risk,,,,
93906455,93906455,active,,,,
90409012,90409012,active,,,,
91092447,91092447,active,,,,
33402033,33402033,active,,,,
79122490,79122490,dormant,,,,
7529477,7529477,dormant,,,,
76578794,76578794,active,,,,
36494832,36494832,active,,,,
34731237,34731237,active,,,,
80518664,80518664,active,,,,
49833676,49833676,at risk,,,,
30906434,30906434,at risk,,,,
32377991,35828333,dormant,,,,
46001892,46001892,churned,,,,
82767219,91954965,active,,,,
97777356,97777356,active,,,,
97570600,97570600,active,,,,
85123741,85123741,dormant,,,,
91124570,91124570,active,,,,
78873882,78873882,at risk,,,,
77706213,77706213,dormant,,,,
79510318,79510318,churned,,,,
74296646,74296646,at risk,,,,
91375692,91375692,active,,,,
20985352,20985352,active,,,,
66236208,66236208,dormant,,,,
6942269,82113517,at risk,,,,
99562070,99562070,active,,,,
35794961,35794961,dormant,,,,
82120545,82120545,dormant,,,,
99539471,99539471,at risk,,,,
89918074,89918074,at risk,,,,
33764633,95266807,dormant,,,,
93980110,93980110,active,,,,
35008948,35008948,dormant,,,,
81831996,81831996,dormant,,,,
94656792,94656792,active,,,,
90691609,90691609,active,,,,
63643955,63643955,dormant,,,,
91211816,91211816,active,,,,
77158065,77158065,dormant,,,,
34144006,34144006,active,,,,
76494156,76494156,at risk,,,,
35394102,35394102,at risk,,,,
92582513,92582513,at risk,,,,
98109975,98109975,active,,,,
22730903,22730903,churned,,,,
50876422,50876422,active,,,,
88556510,88556510,active,,,,
102662905,102662905,active,,,,
99687245,99687245,active,,,,
95976256,95976256,active,,,,
91984087,91984087,dormant,,,,
76440621,90581169,at risk,,,,
50126980,50126980,active,,,,
94475899,94475899,at risk,,,,
33641310,33641310,active,,,,
79110005,79110005,churned,,,,
82706072,82706072,active,,,,
75996082,75996082,dormant,,,,
95853425,95853425,active,,,,
76155209,93372891,dormant,,,,
94669607,94669607,churned,,,,
90377884,90377884,at risk,,,,
75053054,75053054,at risk,,,,
24301292,24301292,dormant,,,,
74898216,74898216,active,,,,
77566637,77566637,dormant,,,,
21735665,21735665,active,,,,
85057508,85057508,dormant,,,,
100268401,100268401,active,,,,
92007303,92007303,active,,,,
76583954,76583954,dormant,,,,
1816975,1816975,dormant,,,,
90322215,90322215,active,,,,
86113240,86113240,dormant,,,,
93018647,93018647,dormant,,,,
69533699,69533699,active,,,,
95083683,95083683,active,,,,
93249112,93249112,active,,,,
84408738,84408738,at risk,,,,
77683885,77683885,dormant,,,,
77322241,77322241,dormant,,,,
36115498,36115498,dormant,,,,
,,,,,,
87360493,87360493,dormant,,,,
75650434,87202930,at risk,,,,
21859343,21859343,dormant,,,,
29326275,29326275,active,,,,
83266159,83266159,at risk,,,,
80288457,82013783,dormant,,,,
79261157,79261157,dormant,,,,
95904806,95904806,at risk,,,,
19410501,30491026,active,,,,
31423393,31473368,active,,,,
81724576,81724576,dormant,,,,
82288291,82288291,dormant,,,,
82493718,82493718,active,,,,
4981742,88934402,at risk,,,,
88922395,88922395,active,,,,
3448379,3448379,dormant,,,,
68315570,68315570,active,,,,
78066837,78066837,dormant,,,,
49674169,49674169,active,,,,
91683959,91683959,active,,,,
36839987,36839987,active,,,,
82269101,83444283,dormant,,,,
88989940,88989940,at risk,,,,
83833819,83833819,active,,,,
79195126,79195126,dormant,,,,
96081440,96081440,active,,,,
82012194,82012194,active,,,,
34329444,34329444,dormant,,,,
87987398,87987398,active,,,,
76712905,76712905,dormant,,,,
77082161,77082161,dormant,,,,
91877920,91877920,active,,,,
99983671,99983671,active,,,,
33988952,33988952,active,,,,
35966920,35966920,at risk,,,,
87307574,87307574,dormant,,,,
87963746,87963746,dormant,,,,
91815738,91815738,dormant,,,,
96497969,96497969,active,,,,
23201412,90633878,dormant,,,,
89567094,89567094,active,,,,
23931719,23931719,active,,,,
88960693,88960693,at risk,,,,
41548353,83098516,dormant,,,,
33705615,90242194,dormant,,,,
93093147,93093147,dormant,,,,
34432236,34432236,active,,,,
86706631,86706631,at risk,,,,
91157794,91157794,active,,,,
89425705,89425705,dormant,,,,
79014292,79014292,dormant,,,,
94615562,94615562,active,,,,
95301941,95301941,active,,,,
28759915,28759915,dormant,,,,
93720554,93720554,active,,,,
30609996,30609996,dormant,,,,
77274540,77274540,dormant,,,,
92402349,92402349,at risk,,,,
43326423,43326423,dormant,,,,
82541789,82541789,dormant,,,,
88525434,88525434,active,,,,
33317877,33317877,at risk,,,,
36169449,36169449,active,,,,
90473599,90473599,active,,,,
91087701,91087701,active,,,,
93737382,93737382,at risk,,,,
91926925,91926925,active,,,,
75372129,75372129,dormant,,,,
63121014,63121014,at risk,,,,
30501264,94200840,dormant,,,,
81833786,81833786,churned,,,,
44475391,44475391,active,,,,
97061754,97061754,active,,,,
69959564,69959564,dormant,,,,
83711787,83711787,at risk,,,,
88006535,88006535,dormant,,,,
78615053,78615053,churned,,,,
91422863,91422863,active,,,,
76907211,76907211,dormant,,,,
67176667,67176667,dormant,,,,
81110566,81110566,at risk,,,,
101989379,101989379,active,,,,
96153126,96153126,active,,,,
32692209,32692209,dormant,,,,
34754439,34754439,active,,,,
93226498,93226498,active,,,,
4451191,89206075,dormant,,,,
79609072,79609072,active,,,,
90140092,90140092,at risk,,,,
100288067,100288067,active,,,,
77960624,77960624,dormant,,,,
101167784,101167784,active,,,,
85986483,85986483,active,,,,
43317222,43317222,dormant,,,,
79030085,79030085,at risk,,,,
89288436,89288436,active,,,,
99962315,99962315,active,,,,
99278303,99278303,active,,,,
96411280,96411280,active,,,,
79422291,79422291,at risk,,,,
92205787,92205787,active,,,,
78492349,78492349,dormant,,,,
92050619,92050619,at risk,,,,
88598704,88598704,churned,,,,
84148829,84148829,dormant,,,,
35495848,35495848,churned,,,,
75224263,75224263,active,,,,
49017765,49017765,active,,,,
81264847,81264847,dormant,,,,
83230380,83230380,active,,,,
80112954,80112954,dormant,,,,
79247645,79247645,active,,,,
76811255,76811255,active,,,,
77751934,77751934,dormant,,,,
93761385,93761385,dormant,,,,
95506321,95506321,active,,,,
83674094,83674094,active,,,,
84905289,84905289,churned,,,,
64819523,64819523,active,,,,
80858266,80858266,dormant,,,,
79554477,79554477,dormant,,,,
83866639,83866639,at risk,,,,
79228185,79228185,dormant,,,,
75833469,75833469,dormant,,,,
33950641,35214824,active,,,,
34570312,34570312,churned,,,,
86636612,86636612,churned,,,,
78457018,78457018,active,,,,
45239234,45239234,active,,,,
93925874,93925874,active,,,,
81768655,81768655,at risk,,,,
93132556,93132556,at risk,,,,
94016739,94016739,active,,,,
29889251,73598016,dormant,,,,
100087037,101845140,at risk,,,,
76946546,76946546,dormant,,,,
29251116,29251116,at risk,,,,
4771998,94065867,dormant,,,,
99491160,99491160,active,,,,
55977219,55977219,active,,,,
41243191,91218956,dormant,,,,
99321920,99321920,active,,,,
71973752,71973752,active,,,,
54495834,54495834,active,,,,
82852828,82852828,dormant,,,,
94659060,94659060,at risk,,,,
25793784,25793784,active,,,,
29028393,29028393,active,,,,
34689934,34689934,churned,,,,
86284912,86284912,active,,,,
91124645,91124645,active,,,,
92274016,92274016,churned,,,,
88232127,88232127,active,,,,
94874846,94874846,at risk,,,,
80894860,80894860,active,,,,
88579070,88579070,dormant,,,,
79411465,79411465,churned,,,,
86967321,86967321,dormant,,,,
77865483,77865483,dormant,,,,
79925299,79925299,active,,,,
53640998,53640998,at risk,,,,
92540402,102873796,active,,,,
26195083,26195083,dormant,,,,
85252176,85252176,dormant,,,,
84771196,84771196,dormant,,,,
89942328,89942328,dormant,,,,
85260678,85260678,dormant,,,,
98370158,98370158,active,,,,
78005299,78005299,dormant,,,,
79130997,79130997,dormant,,,,
82826900,82826900,dormant,,,,
93413449,93413449,active,,,,
8426652,98204603,active,,,,
90331519,90331519,active,,,,
51950077,51950077,dormant,,,,
79722375,79722375,active,,,,
31062470,31062470,churned,,,,
93058343,93058343,at risk,,,,
94753972,94753972,active,,,,
102634744,102634744,active,,,,
33262250,78607286,churned,,,,
87531587,87531587,active,,,,
22111875,22111875,dormant,,,,
59171501,59171501,at risk,,,,
95878731,95878731,churned,,,,
9096607,9096607,active,,,,
17117618,17117618,dormant,,,,
61712383,61712383,dormant,,,,
96776105,96776105,at risk,,,,
99938424,99938424,active,,,,
69684708,69684708,churned,,,,
102117545,102117545,active,,,,
30100517,30100517,active,,,,
78275247,78275247,dormant,,,,
95175019,95175019,active,,,,
81599165,81599165,dormant,,,,
99045594,99045594,active,,,,
79747497,79747497,dormant,,,,
95427180,95427180,active,,,,
88422200,88422200,dormant,,,,
77581705,100615920,at risk,,,,
89629528,89629528,dormant,,,,
17576316,17576316,churned,,,,
33404526,99873554,active,,,,
19389577,31808847,dormant,,,,
22395665,22395665,dormant,,,,
78157893,78157893,at risk,,,,
32317581,32317581,dormant,,,,
44173748,44173748,dormant,,,,
83820146,83820146,dormant,,,,
44782818,44782818,dormant,,,,
94851991,94851991,active,,,,
93393789,93393789,active,,,,
79032814,79032814,active,,,,
90939653,90939653,dormant,,,,
81674340,81674340,dormant,,,,
83855122,83855122,dormant,,,,
94702919,94702919,at risk,,,,
87602486,87602486,active,,,,
84775816,84775816,at risk,,,,
91371536,91371536,active,,,,
78354775,78354775,dormant,,,,
30596437,30596437,active,,,,
81947162,81947162,dormant,,,,
99687903,99687903,active,,,,
26591965,26591965,dormant,,,,
26607008,26607008,dormant,,,,
,,,,,,
61434602,61434602,dormant,,,,
86030527,86030527,dormant,,,,
34732793,34732793,active,,,,
34068140,98810760,active,,,,
101867591,101867591,active,,,,
65109980,65109980,at risk,,,,
25629320,25629320,dormant,,,,
33653805,33653805,dormant,,,,
88775386,88775386,active,,,,
16683080,16683080,dormant,,,,
91344041,91344041,at risk,,,,
101959503,101959503,active,,,,
96418765,96418765,active,,,,
49344826,49344826,at risk,,,,
91941596,91941596,dormant,,,,
86362391,86362391,dormant,,,,
81408102,81408102,dormant,,,,
17415511,17415511,at risk,,,,
79166446,79166446,dormant,,,,
16154879,17289424,active,,,,
84318390,84318390,dormant,,,,
101696244,101696244,active,,,,
81078392,81078392,dormant,,,,
92774878,92774878,dormant,,,,
91460547,91460547,dormant,,,,
65024364,65024364,active,,,,
101403119,101403119,active,,,,
100843145,100843145,active,,,,
57423641,57423641,dormant,,,,
35303082,35303082,dormant,,,,
82336820,82336820,churned,,,,
79723342,79723342,dormant,,,,
95043659,95043659,at risk,,,,
85359105,85359105,dormant,,,,
76867200,76867200,active,,,,
76037065,76037065,at risk,,,,
98841985,98841985,active,,,,
33124562,33124562,dormant,,,,
87583456,87583456,dormant,,,,
2738592,2738592,churned,,,,
76175369,76175369,active,,,,
38813619,38813619,active,,,,
78019759,78019759,dormant,,,,
10777877,81415807,dormant,,,,
83099487,83099487,active,,,,
23911993,75648967,dormant,,,,
96121873,96121873,active,,,,
51511851,51511851,active,,,,
89032157,89032157,active,,,,
66555709,66555709,dormant,,,,
52272180,52272180,churned,,,,
52098346,52098346,active,,,,
100494613,100494613,active,,,,
98282146,98282146,active,,,,
34950959,34950959,active,,,,
75028469,75028469,active,,,,
97755929,97755929,active,,,,
76687031,76687031,at risk,,,,
95917894,95917894,active,,,,
53473473,53473473,dormant,,,,
89781196,89781196,active,,,,
70399273,102404058,at risk,,,,
31506672,32675977,dormant,,,,
35983761,35983761,dormant,,,,
100087028,100087028,active,,,,
88991181,88991181,dormant,,,,
77782512,77782512,active,,,,
91005492,91005492,active,,,,
100089506,100089506,active,,,,
34632669,34632669,at risk,,,,
20928004,20928004,dormant,,,,
102497437,102497437,active,,,,
76160359,76160359,dormant,,,,
83368266,83368266,dormant,,,,
100869907,100869907,active,,,,
55812241,55812241,churned,,,,
84513472,84513472,active,,,,
30377106,30377106,dormant,,,,
28450150,28450150,active,,,,
22356059,22356059,active,,,,
101719412,101719412,active,,,,
91400633,91400633,dormant,,,,
34343172,34343172,dormant,,,,
88788048,88788048,dormant,,,,
93402663,93402663,dormant,,,,
99076104,99076104,active,,,,
59917026,59917026,dormant,,,,
99347643,99347643,at risk,,,,
90822094,90822094,active,,,,
89731156,89731156,churned,,,,
30034643,30034643,dormant,,,,
79083194,79083194,dormant,,,,
94679573,94679573,churned,,,,
87967412,87967412,dormant,,,,
93634143,93634143,dormant,,,,
101068491,101068491,active,,,,
93404617,93404617,active,,,,
7403683,92856651,dormant,,,,
92813439,92813439,at risk,,,,
88468646,88468646,dormant,,,,
89590096,89590096,active,,,,
75335491,75335491,dormant,,,,
100540749,100540749,active,,,,
96153423,96153423,active,,,,
101134275,101134275,active,,,,
84540747,84540747,active,,,,
99259779,99259779,at risk,,,,
50292334,50292334,dormant,,,,
58723331,58723331,at risk,,,,
76265757,76265757,churned,,,,
61935953,61935953,dormant,,,,
63060169,63060169,dormant,,,,
96044689,96044689,churned,,,,
35563619,35563619,at risk,,,,
82705485,82705485,dormant,,,,
90067575,90067575,dormant,,,,
31514533,31514533,at risk,,,,
34827027,34827027,active,,,,
55458922,55458922,churned,,,,
78824053,78824053,dormant,,,,
53083298,53083298,dormant,,,,
6084577,101590392,active,,,,
78184234,78184234,dormant,,,,
62027915,62027915,active,,,,
83660355,83660355,dormant,,,,
37701021,37701021,churned,,,,
96874216,96874216,churned,,,,
95880095,95880095,active,,,,
95873451,95873451,churned,,,,
31711572,31711572,dormant,,,,
101891553,102376709,active,,,,
102232083,102232083,active,,,,
88283775,88283775,active,,,,
94695035,94695035,dormant,,,,
102669559,102669559,active,,,,
86923744,86923744,dormant,,,,
77276810,77276810,active,,,,
25898354,25898354,dormant,,,,
42601600,42601600,dormant,,,,
55264652,55264652,active,,,,
102513984,102513984,active,,,,
96855228,96855228,at risk,,,,
20931738,20931738,dormant,,,,
24438197,24438197,dormant,,,,
84854713,84854713,churned,,,,
83943088,83943088,dormant,,,,
74442225,74442225,dormant,,,,
89670990,89670990,dormant,,,,
95232683,95232683,active,,,,
93512772,93512772,at risk,,,,
82354911,82354911,churned,,,,
99659181,99659181,active,,,,
26554172,26554172,active,,,,
94086255,94086255,dormant,,,,
89009604,89009604,dormant,,,,
102026721,102026721,active,,,,
80881331,80881331,dormant,,,,
28934544,28934544,dormant,,,,
28128266,28128266,dormant,,,,
81568331,81568331,dormant,,,,
91363044,91363044,active,,,,
77811285,77811285,dormant,,,,
45816784,45816784,active,,,,
65722407,65722407,at risk,,,,
95288530,95288530,at risk,,,,
94023504,94023504,active,,,,
79963094,79963094,dormant,,,,
50857859,50857859,churned,,,,
88833717,88833717,active,,,,
102373482,102373482,active,,,,
84072640,84072640,at risk,,,,
63055546,63055546,dormant,,,,
31626143,31626143,dormant,,,,
76451138,76451138,dormant,,,,
96722145,96722145,churned,,,,
78276512,78276512,dormant,,,,
102868507,102868507,active,,,,
91469379,91469379,dormant,,,,
93212937,93212937,churned,,,,
94544631,94544631,dormant,,,,
59107313,59107313,dormant,,,,
102244761,102244761,active,,,,
90515392,90515392,dormant,,,,
91416404,91416404,churned,,,,
79684969,79684969,dormant,,,,
91821053,91821053,active,,,,
91654765,91654765,churned,,,,
86391157,86391157,dormant,,,,
94411497,94411497,active,,,,
93311620,93311620,at risk,,,,
80856711,80856711,dormant,,,,
99368359,99368359,active,,,,
33130678,33130678,dormant,,,,
100715838,100715838,active,,,,
91984194,91984194,dormant,,,,
102293315,102293315,active,,,,
78949984,78949984,dormant,,,,
20823220,47298907,dormant,,,,
6099827,6099827,active,,,,
88617022,88617022,dormant,,,,
77743292,81560871,dormant,,,,
93494319,93494319,active,,,,
737157,737157,churned,,,,
77271825,77271825,dormant,,,,
91438229,91438229,dormant,,,,
93678290,93678290,dormant,,,,
92387700,92387700,active,,,,
82613847,82613847,dormant,,,,
54140397,54140397,dormant,,,,
79651587,79651587,dormant,,,,
93403550,93403550,active,,,,
90285795,90285795,at risk,,,,
82771698,82771698,dormant,,,,
4381822,99462792,active,,,,
82946398,82946398,dormant,,,,
103234314,103234314,active,,,,
102389630,102389630,at risk,,,,
91758958,91758958,dormant,,,,
89384981,89384981,churned,,,,
45096239,45096239,active,,,,
35297081,35297081,dormant,,,,
91149061,91447561,dormant,,,,
90443677,90443677,dormant,,,,
99577334,99577334,at risk,,,,
98041993,98041993,active,,,,
1390935,1390935,dormant,,,,
36427159,85789649,dormant,,,,
73693811,73693811,dormant,,,,
88093822,88093822,dormant,,,,
85025369,85025369,active,,,,
97798801,97798801,churned,,,,
94662068,94662068,active,,,,
92940362,92940362,dormant,,,,
85926256,85926256,dormant,,,,
39812740,39812740,dormant,,,,
79934375,79934375,dormant,,,,
95510760,95510760,at risk,,,,
25967755,25967755,dormant,,,,
95718930,95718930,dormant,,,,
21848060,21848060,active,,,,
92054592,92054592,dormant,,,,
94936416,,active,,,,
24547938,24547938,at risk,,,,
22564846,22564846,dormant,,,,
21875804,21875804,dormant,,,,
20958247,,active,,,,
20351644,20351644,dormant,,,,
20171120,20171120,dormant,,,,
19989980,19989980,dormant,,,,
19610314,19610314,dormant,,,,